kind,coin,opened_IST,closed_IST,exchange,qty,entry_price,exit_price,price_diff_USD,funding_received_USD,funding_paid_USD,gst_on_funding_USD,fee_USD,gst_on_fee_USD,slippage_USD,net_USD,net_INR
open,KAITO,2026-10-03 01:42,,Delta,-312.0,0.30735285,0.30735285,0.0,0.0,0.0,0.0,0.0,0.0,0.0,0.0,0.0
open,KAITO,2026-10-03 01:42,,CoinDCX,312.811161,0.30674999999999997,0.30674999999999997,0.0,0.0,0.0,0.0,0.0,0.0,0.0,0.0,0.0
open,FARTCOIN,2026-10-03 01:42,,Delta,-580.0,0.15756917,0.15756917,0.0,0.0,0.0,0.0,0.0,0.0,0.0,0.0,0.0
open,FARTCOIN,2026-10-03 01:42,,CoinDCX,579.886924,0.15765,0.15765,0.0,0.0,0.0,0.0,0.0,0.0,0.0,0.0,0.0
open,IO,2026-10-03 01:42,,Delta,-660.0,0.14789004,0.14789004,0.0,0.0,0.0,0.0,0.0,0.0,0.0,0.0,0.0
open,IO,2026-10-03 01:42,,CoinDCX,661.484127,0.14755000000000001,0.14755000000000001,0.0,0.0,0.0,0.0,0.0,0.0,0.0,0.0,0.0
open,TST,2026-10-05 06:00,,Delta,-54.0,0.01740227,0.01740227,0.0,0.0,0.0,0.0,0.0,0.0,0.0,0.0,0.0
open,TST,2026-10-05 06:00,,CoinDCX,5401.033826,0.01739,0.01739,0.0,0.0,0.0,0.0,0.0,0.0,0.0,0.0,0.0
open,BEAT,2026-10-05 06:00,,Delta,-113.0,0.08825165,0.08825165,0.0,0.0,0.0,0.0,0.0,0.0,0.0,0.0,0.0
open,BEAT,2026-10-05 06:00,,CoinDCX,1130.261252,0.08815,0.08815,0.0,0.0,0.0,0.0,0.0,0.0,0.0,0.0,0.0
open,LIT,2026-10-05 06:00,,Delta,-3.0,3.60484833,3.60484833,0.0,0.0,0.0,0.0,0.0,0.0,0.0,0.0,0.0
open,LIT,2026-10-05 06:00,,CoinDCX,30.079516,3.59415,3.59415,0.0,0.0,0.0,0.0,0.0,0.0,0.0,0.0,0.0
open,STRK,2026-10-05 06:00,,Delta,17.0,0.05565277,0.05565277,0.0,0.0,0.0,0.0,0.0,0.0,0.0,0.0,0.0
open,STRK,2026-10-05 06:00,,CoinDCX,-1700.466442,0.055605,0.055605,0.0,0.0,0.0,0.0,0.0,0.0,0.0,0.0,0.0
open,NOT,2026-10-05 06:00,,Delta,1986.0,0.00043014,0.00043014,0.0,0.0,0.0,0.0,0.0,0.0,0.0,0.0,0.0
open,NOT,2026-10-05 06:00,,CoinDCX,-198287.679904,0.00043024999999999997,0.00043024999999999997,0.0,0.0,0.0,0.0,0.0,0.0,0.0,0.0,0.0
open,H,2026-10-05 06:00,,Delta,-14.0,0.06408211,0.06408211,0.0,0.0,0.0,0.0,0.0,0.0,0.0,0.0,0.0
open,H,2026-10-05 06:00,,CoinDCX,1400.150171,0.06409000000000001,0.06409000000000001,0.0,0.0,0.0,0.0,0.0,0.0,0.0,0.0,0.0
open,AIXBT,2026-10-05 06:00,,Delta,429.0,0.02023537,0.02023537,0.0,0.0,0.0,0.0,0.0,0.0,0.0,0.0,0.0
open,AIXBT,2026-10-05 06:00,,CoinDCX,-4295.055774,0.020235000000000003,0.020235000000000003,0.0,0.0,0.0,0.0,0.0,0.0,0.0,0.0,0.0
